{"cameraMode":{"drawMode":0,"name":"Shaded","section":"Shading Mode"},"sceneLighting":false,"audioPlay":false,"sceneViewState":{"m_AlwaysRefresh":false,"showFog":false,"showSkybox":false,"showFlares":false,"showImageEffects":false,"showParticleSystems":false,"showVisualEffectGraphs":true,"m_FxEnabled":true},"in2DMode":false,"pivot":{"x":0.00374657497741282,"y":0.8466600775718689,"z":0.8115970492362976},"rotation":{"x":-0.001273772562853992,"y":0.981959879398346,"z":-0.18916523456573487,"w":-0.006638231221586466},"size":0.11029287427663803,"orthographic":false}